{"month": [1, 1, 1, 1, 1, 1, 1, 1, 1, 1, 1, 1, 1, 1, 1, 1, 1, 1, 1, 1, 1, 1, 1, 1, 1, 1, 1, 1, 1, 1, 1, 1, 1, 1, 1, 1, 1, 1, 1, 1, 1, 1, 1, 1, 1, 1, 1, 1, 1, 1, 1, 1, 1, 1, 1, 1, 1, 1, 1, 1, 1, 1, 12, 12, 12, 12, 12, 12, 12, 12, 12, 12, 12, 12, 12, 12, 12, 12, 12, 12, 12, 12, 12, 12, 12, 12, 12, 12, 12, 12, 12, 12, 12, 12, 12, 12, 12, 12, 12, 12, 12, 12, 12, 12, 12, 12, 12, 12, 12, 12, 12, 12, 12, 12, 12, 12, 12, 12, 12, 12, 12, 12, 12, 12], "day": [1, 1, 2, 2, 3, 3, 4, 4, 5, 5, 6, 6, 7, 7, 8, 8, 9, 9, 10, 10, 11, 11, 12, 12, 13, 13, 14, 14, 15, 15, 16, 16, 17, 17, 18, 18, 19, 19, 20, 20, 21, 21, 22, 22, 23, 23, 24, 24, 25, 25, 26, 26, 27, 27, 28, 28, 29, 29, 30, 30, 31, 31, 1, 1, 2, 2, 3, 3, 4, 4, 5, 5, 6, 6, 7, 7, 8, 8, 9, 9, 10, 10, 11, 11, 12, 12, 13, 13, 14, 14, 15, 15, 16, 16, 17, 17, 18, 18, 19, 19, 20, 20, 21, 21, 22, 22, 23, 23, 24, 24, 25, 25, 26, 26, 27, 27, 28, 28, 29, 29, 30, 30, 31, 31], "IsChristmasSong": [false, true, false, true, false, true, false, true, false, true, false, true, false, true, false, true, false, true, false, true, false, true, false, true, false, true, false, true, false, true, false, true, false, true, false, true, false, true, false, true, false, true, false, true, false, true, false, true, false, true, false, true, false, true, false, true, false, true, false, true, false, true, false, true, false, true, false, true, false, true, false, true, false, true, false, true, false, true, false, true, false, true, false, true, false, true, false, true, false, true, false, true, false, true, false, true, false, true, false, true, false, true, false, true, false, true, false, true, false, true, false, true, false, true, false, true, false, true, false, true, false, true, false, true], "streams": [510279938.6, 199991.6, 517729046.2, 116463.4, 533075035.4, 85364.2, 544853949.8, 82057.75, 539144852.0, 111220.0, 537910414.2, 67927.8, 545184210.8, 81305.33333333333, 562210471.4, 29520.0, 571224764.6, 19361.5, 579669880.4, 17094.5, 591505530.8, 20116.0, 579695720.4, 20024.5, 576327715.2, 14289.333333333334, 576049238.0, 14582.0, 586445957.0, 20381.5, 592076346.2, 17411.0, 611085526.6, 15250.5, 616792945.8, 18263.0, 592547309.0, 18547.0, 586358995.6, 17083.0, 581636752.4, 17269.0, 591888174.4, 17578.5, 601490372.4, 15811.0, 598634762.8, 12831.5, 604374388.6, 14969.0, 594124328.0, 15174.5, 585877908.0, 15159.0, 582242760.2, 14882.0, 589592045.8, 28142.0, 595670224.2, 21355.0, 596884551.0, 16181.0, 545241165.0, 55089965.4, 542157982.0, 49857393.2, 558188735.6, 49949658.8, 572223870.8, 54909158.4, 571711599.0, 65034220.2, 561557395.2, 61835387.0, 569274817.0, 56605729.4, 547768399.8, 62265537.2, 538401097.4, 59493068.2, 545154516.4, 57442332.2, 587606783.0, 60790881.0, 567519114.4, 68050594.2, 561647438.4, 63540412.2, 566152642.8, 62642038.4, 555781928.6, 67192106.0, 541832019.0, 67018497.0, 539349673.8, 67419780.6, 560364827.8, 75382524.2, 553127523.2, 83746272.4, 549162760.6, 86716020.4, 511822694.4, 80166383.4, 506855563.8, 90564545.0, 511803600.4, 117477310.8, 590051191.6, 278347457.0, 523620980.2, 255110202.4, 443864627.4, 42938599.4, 480853627.8, 6742168.4, 493875826.6, 2638163.2, 488752787.6, 1348186.6, 495610817.6, 548878.6, 602182887.0, 1796544.8], "percentage": [99.96, 0.04, 99.98, 0.02, 99.98, 0.02, 99.98, 0.02, 99.98, 0.02, 99.99, 0.01, 99.99, 0.01, 99.99, 0.01, 100.0, 0.0, 100.0, 0.0, 100.0, 0.0, 100.0, 0.0, 100.0, 0.0, 100.0, 0.0, 100.0, 0.0, 100.0, 0.0, 100.0, 0.0, 100.0, 0.0, 100.0, 0.0, 100.0, 0.0, 100.0, 0.0, 100.0, 0.0, 100.0, 0.0, 100.0, 0.0, 100.0, 0.0, 100.0, 0.0, 100.0, 0.0, 100.0, 0.0, 100.0, 0.0, 100.0, 0.0, 100.0, 0.0, 90.82, 9.18, 91.58, 8.42, 91.79, 8.21, 91.24, 8.76, 89.79, 10.21, 90.08, 9.92, 90.96, 9.04, 89.79, 10.21, 90.05, 9.95, 90.47, 9.53, 90.62, 9.38, 89.29, 10.71, 89.84, 10.16, 90.04, 9.96, 89.21, 10.79, 88.99, 11.01, 88.89, 11.11, 88.14, 11.86, 86.85, 13.15, 86.36, 13.64, 86.46, 13.54, 84.84, 15.16, 81.33, 18.67, 67.95, 32.05, 67.24, 32.76, 91.18, 8.82, 98.62, 1.38, 99.47, 0.53, 99.72, 0.28, 99.89, 0.11, 99.7, 0.3]}