{"calendar_week": [40, 41, 42, 43, 44, 45, 46, 47, 48, 49, 50, 51, 52, 53], "tavg": [22.055765551457398, 21.602480478822603, 21.245658369218674, 20.828712946725528, 20.3131380901718, 19.677561565133654, 19.17901313527069, 18.539183819517465, 17.79153359331025, 17.325736450947012, 16.98673165232363, 16.714047106786868, 16.8490463435626, 16.42533940451316], "streams": [NaN, 24489.0, 23276.0, 53135.333333333336, 1680445.6, 8004721.2, 16617834.6, 38571466.2, 82638710.8, 146029921.6, 171604153.8, 178786817.2, 256892657.2, 198578267.0]}