{"calendar_week": [40, 41, 42, 43, 44, 45, 46, 47, 48, 49, 50, 51, 52, 53], "tavg": [22.055765551457398, 21.602480478822603, 21.245658369218674, 20.828712946725528, 20.3131380901718, 19.677561565133654, 19.17901313527069, 18.539183819517465, 17.79153359331025, 17.325736450947012, 16.98673165232363, 16.714047106786868, 16.8490463435626, 16.42533940451316], "Global": [NaN, NaN, 5750.0, 113582.5, 1310945.0, 5217828.375, 10582011.375, 23081896.444444444, 53204080.88888889, 91248083.8888889, 106705748.1111111, 128919374.22222222, 188017232.55555555, 63229921.0]}