{"time": ["01.10", "02.10", "03.10", "04.10", "05.10", "06.10", "07.10", "08.10", "09.10", "10.10", "11.10", "12.10", "13.10", "14.10", "15.10", "16.10", "17.10", "18.10", "19.10", "20.10", "21.10", "22.10", "23.10", "24.10", "25.10", "26.10", "27.10", "28.10", "29.10", "30.10", "31.10", "01.11", "02.11", "03.11", "04.11", "05.11", "06.11", "07.11", "08.11", "09.11", "10.11", "11.11", "12.11", "13.11", "14.11", "15.11", "16.11", "17.11", "18.11", "19.11", "20.11", "21.11", "22.11", "23.11", "24.11", "25.11", "26.11", "27.11", "28.11", "29.11", "30.11", "01.12", "02.12", "03.12", "04.12", "05.12", "06.12", "07.12", "08.12", "09.12", "10.12", "11.12", "12.12", "13.12", "14.12", "15.12", "16.12", "17.12", "18.12", "19.12", "20.12", "21.12", "22.12", "23.12", "24.12", "25.12", "26.12", "27.12", "28.12", "29.12", "30.12", "31.12", "01.01", "02.01", "03.01", "04.01", "05.01", "06.01", "07.01", "08.01", "09.01", "10.01", "11.01", "12.01", "13.01", "14.01", "15.01", "16.01", "17.01", "18.01", "19.01", "20.01", "21.01", "22.01", "23.01", "24.01", "25.01", "26.01", "27.01", "28.01", "29.01", "30.01", "31.01"], "month": [10, 10, 10, 10, 10, 10, 10, 10, 10, 10, 10, 10, 10, 10, 10, 10, 10, 10, 10, 10, 10, 10, 10, 10, 10, 10, 10, 10, 10, 10, 10, 11, 11, 11, 11, 11, 11, 11, 11, 11, 11, 11, 11, 11, 11, 11, 11, 11, 11, 11, 11, 11, 11, 11, 11, 11, 11, 11, 11, 11, 11, 12, 12, 12, 12, 12, 12, 12, 12, 12, 12, 12, 12, 12, 12, 12, 12, 12, 12, 12, 12, 12, 12, 12, 12, 12, 12, 12, 12, 12, 12, 12, 1, 1, 1, 1, 1, 1, 1, 1, 1, 1, 1, 1, 1, 1, 1, 1, 1, 1, 1, 1, 1, 1, 1, 1, 1, 1, 1, 1, 1, 1, 1], "day": [1, 2, 3, 4, 5, 6, 7, 8, 9, 10, 11, 12, 13, 14, 15, 16, 17, 18, 19, 20, 21, 22, 23, 24, 25, 26, 27, 28, 29, 30, 31, 1, 2, 3, 4, 5, 6, 7, 8, 9, 10, 11, 12, 13, 14, 15, 16, 17, 18, 19, 20, 21, 22, 23, 24, 25, 26, 27, 28, 29, 30, 1, 2, 3, 4, 5, 6, 7, 8, 9, 10, 11, 12, 13, 14, 15, 16, 17, 18, 19, 20, 21, 22, 23, 24, 25, 26, 27, 28, 29, 30, 31, 1, 2, 3, 4, 5, 6, 7, 8, 9, 10, 11, 12, 13, 14, 15, 16, 17, 18, 19, 20, 21, 22, 23, 24, 25, 26, 27, 28, 29, 30, 31], "tavg": [21.932530033400166, 21.854399654907603, 21.769454144336542, 21.67755519256346, 21.640233859609033, 21.559967697632544, 21.47240559170615, 21.536631801348392, 21.51949000713235, 21.4407818713733, 21.392755619398557, 21.318120514775348, 21.307923884451224, 21.26648415660427, 21.19515822074377, 21.09879329866535, 21.030862743275552, 20.947543878401053, 20.914563579442238, 20.8845650697418, 20.876771599101176, 20.764416260992835, 20.7199436145096, 20.697862605519983, 20.67210899282173, 20.615581830823533, 20.566676964114016, 20.410530296156388, 20.31401889605306, 20.22673788817944, 20.122841171470228, 20.05021135902264, 20.032416981913954, 19.93170559020967, 19.750556097389556, 19.62442385443159, 19.623923389951255, 19.60066816980154, 19.45594597766065, 19.31771427579852, 19.16289469006365, 19.051622587710572, 19.019809155371004, 19.01570071397805, 18.869874664625506, 18.793432419844684, 18.667925480498194, 18.547024883511856, 18.38743415001047, 18.24950035963985, 18.18032492275282, 18.133207729642255, 17.933369023382607, 17.941338732042446, 17.911169083294023, 17.76566321862202, 17.70295912025968, 17.577602865609993, 17.502820326204787, 17.438599741240747, 17.29387718983486, 17.245062487170838, 17.189644893179082, 17.09924988393127, 17.035794767547817, 17.021592307669344, 17.02052427680386, 16.909746024982983, 16.8664696391854, 16.90156827459982, 16.87166599941053, 16.779331356462386, 16.705107560124496, 16.622584464401548, 16.71333830928388, 16.819373718679714, 16.852034750553138, 16.734366299597323, 16.595182360263227, 16.57004984939105, 16.612986339367968, 16.5910616189882, 16.60509698193425, 16.74424483878856, 16.780092176015085, 16.67431865342588, 16.435628691858508, 16.44703925311836, 16.502841839637405, 16.508048030013367, 16.50977549070291, 16.550239654338327, 16.48504952108207, 16.370817961940773, 16.32471237477167, 16.26994212848477, 16.183015902157383, 15.991316933019828, 15.859815424808833, 15.829698614371543, 15.871017682504494, 15.811836488409282, 15.720403575722344, 15.776783296084151, 15.81933285144644, 15.779936773472802, 15.752060205186915, 15.68608003590143, 15.764695647064507, 15.779821107627175, 15.765007236942804, 15.773196065812398, 15.738138996736076, 15.785586364537902, 15.829234680576969, 15.844386152311428, 15.921716876303128, 15.946000892574947, 15.984836304822386, 16.017724158411617, 16.045776121479598, 16.088600945992862, 16.155273343497083], "streams": [2627.0, null, null, null, null, 5290.0, null, 24489.0, null, null, null, null, null, 16828.0, 41957.0, 17411.0, null, 23245.0, 24016.0, 34169.0, 24947.0, 23949.0, null, 21743.333333333332, 29922.0, 31981.0, 23275.5, 68941.0, 39128.2, 74421.66666666667, 56332.75, 1326880.0, 1370042.6, 1302729.2, 1279506.0, 1301531.6, 1433405.4, 2038245.2, 2236394.8, 2139885.0, 2646746.0, 3422509.8, 3652367.4, 4635780.6, 6230926.8, 5976348.8, 5828623.4, 7190530.4, 7886804.4, 8446860.8, 10512941.0, 14476175.6, 14905064.0, 15371170.0, 19469316.6, 22551832.2, 27333345.4, 33261446.4, 43759246.0, 42255447.2, 39664810.6, 55089965.4, 49857393.2, 49949658.8, 54909158.4, 65034220.2, 61835387.0, 56605729.4, 62265537.2, 59493068.2, 57442332.2, 60790881.0, 68050594.2, 63540412.2, 62642038.4, 67192106.0, 67018497.0, 67419780.6, 75382524.2, 83746272.4, 86716020.4, 80166383.4, 90564545.0, 117477310.8, 278347457.0, 255110202.4, 42938599.4, 6742168.4, 2638163.2, 1348186.6, 548878.6, 1796544.8, 199991.6, 116463.4, 85364.2, 82057.75, 111220.0, 67927.8, 81305.33333333333, 44280.0, 38723.0, 34189.0, 40232.0, 40049.0, 21434.0, 21873.0, 40763.0, 34822.0, 30501.0, 36526.0, 37094.0, 34166.0, 34538.0, 35157.0, 31622.0, 25663.0, 29938.0, 30349.0, 30318.0, 29764.0, 28142.0, 21355.0, 16181.0]}