calendar_week,tavg,Global
40,12.099232585596223,
41,11.229515938606848,
42,10.999645808736718,0.0
43,9.926824085005903,0.0
44,8.668122786304606,0.0
45,7.2265171192443916,4614963.0
46,5.873792207792208,10457240.125
47,5.034272727272727,23081662.222222224
48,2.5266883116883117,36800435.76923077
49,0.7223636363636365,58659482.5
50,1.3371948051948053,68596552.35714285
51,0.413030303030303,82876740.57142857
52,2.8051669758812614,130165776.38461539
53,0.723030303030303,42153280.666666664
